{"cameraMode":{"drawMode":0,"name":"Shaded","section":"Shading Mode"},"sceneLighting":true,"audioPlay":false,"sceneViewState":{"showFog":true,"showMaterialUpdate":true,"showSkybox":true,"showFlares":true,"showImageEffects":true,"showParticleSystems":true},"in2DMode":false,"pivot":{"x":1.2746696472167969,"y":5.809078216552734,"z":-5.103847503662109},"rotation":{"x":-0.0887560173869133,"y":0.9072514176368713,"z":-0.24262112379074098,"w":-0.33189189434051516},"size":6359.45703125,"orthographic":false}